id,question,answer,,
1,Ex totam et ut.,Sunt aut vel nihil voluptatem sunt magnam. Consequatur et incidunt dicta expedita. Consequuntur voluptatem quos hic. Voluptatem non eos omnis sequi non.,,
2,Ipsam rerum at nulla non voluptatum beatae.,Est sit rerum modi animi. Maiores in asperiores ipsa. Iusto nihil accusamus laudantium est itaque odit. Consequatur minus non et. Aliquid voluptas iure aut sunt.,,
3,Voluptatibus quia eos rerum consequatur nihil laboriosam.,Et dolores nisi velit facere. Sapiente quia qui enim libero commodi.,,
4,Dignissimos maiores commodi quidem dignissimos quibusdam dignissimos in.,Beatae voluptatum odit qui libero in facilis. Iusto numquam sequi dolore ea eos. Est et rem consequuntur dicta sapiente.,,
5,Ut amet et aliquam laborum.,Voluptate sint quo veniam porro. Doloribus autem est id quasi. Debitis eos earum assumenda qui ipsa accusamus rem.,,
6,Reiciendis tenetur ducimus quos quod vel numquam.,Laborum ut sed eveniet est et nisi. Aut sunt suscipit quisquam est voluptatum sit suscipit. Explicabo labore ipsam est pariatur qui a.,,
7,Nobis nulla vel incidunt.,Dolores quia enim in. Libero eos et suscipit omnis. Officia voluptates ut cum adipisci velit quia. Debitis vel aperiam id fuga harum quis.,,
8,Eos ullam et qui officia non eos rerum.,Eos rerum recusandae quos eos non expedita perspiciatis. Iure veniam autem aliquid sint consequatur nisi.,,
9,In totam eum harum error ut magnam iste.,Tempora eveniet deleniti assumenda perspiciatis sunt. Natus reiciendis veritatis ullam rerum velit delectus. Quia sapiente nisi odit doloribus. Ex doloribus beatae voluptatum est.,,
10,Beatae architecto dolorum nisi vel dignissimos sunt omnis.,Non id laborum consectetur molestiae quis et atque sint. Sint voluptatibus esse velit. Sed voluptatum explicabo ipsum labore laborum quis.,,
11,Rerum dolores est dolor tempora.,Et dolorem eaque repellat quasi ut consequuntur sed autem. Eligendi eveniet molestiae corrupti dolorem ratione rerum. Est natus ut voluptatem eaque quidem. Sint voluptatum sit occaecati assumenda harum minima veritatis esse.,,
12,Eos odio qui harum neque.,Aut exercitationem et quia adipisci sint. Velit magni iusto adipisci voluptates soluta fugiat non. Qui aspernatur quae laudantium molestiae quas vero in consequuntur.,,
13,Dicta hic incidunt voluptatem excepturi commodi.,Et et dignissimos dolorum. Tempora quae odio explicabo nihil. Culpa repudiandae non odit perspiciatis deleniti. Minima exercitationem sit sit.,,
14,Ut dolorem reiciendis eaque consequatur at at maxime.,Sapiente quaerat facilis quos amet praesentium omnis sit voluptas. Autem rerum omnis qui voluptatem vero rerum vero. Quasi fugiat et delectus rerum nisi fuga adipisci.,,
15,Doloremque vitae eos sed asperiores eveniet ut.,Architecto ratione rerum est nesciunt cum. Sunt quam nobis dolorem dolores. Et sed et aut repellat qui vel est et. In consectetur omnis odio harum omnis.,,
16,Voluptatem et consequuntur delectus id magni.,Voluptatem nihil recusandae quis officia. Velit repellat quibusdam qui laudantium qui. Porro qui delectus quidem ut eaque sint.,,
17,Occaecati vero saepe voluptas.,Facere nihil quae nobis qui asperiores fugit. Neque mollitia doloremque dolores exercitationem. Labore similique eum et voluptatibus consequuntur. Natus dicta dolorem officia libero sint ea rerum.,,
18,Dolor ut vitae sit qui eum eos.,Sapiente excepturi aspernatur sunt veritatis dolor dolorum quasi. Excepturi similique suscipit qui rerum aut laboriosam.,,
19,Ipsam facere quaerat sit veniam.,Doloribus corporis suscipit aut itaque sed quas nam. Aut cumque voluptatem perspiciatis ut. A et tempora numquam sit.,,
20,Possimus est fugit tempore quas explicabo enim quisquam.,Laudantium minus non autem fugit qui. Impedit recusandae necessitatibus ea inventore. Autem ratione molestiae a error.,,
21,Qui voluptatem harum quis quo.,Ipsa atque dolor voluptates magni. Et minus laboriosam eos incidunt quis autem. Et animi alias est est doloribus voluptatem dolores illo.,,
22,Dolores laborum ex quae voluptatem non commodi optio qui.,Voluptate nulla aspernatur nobis nihil et vel. Praesentium provident deleniti velit rerum quia id. Incidunt amet error illo aut quas odio dolore.,,
23,In temporibus vel delectus.,Rem velit in facere aliquam dolores enim. Aut modi corporis consequatur amet harum veniam. Consectetur eos et amet omnis qui.,,
24,Vitae recusandae voluptatem provident consequatur aut.,Ad vel aut blanditiis accusantium. Sit beatae est repellat doloremque et. Amet eius neque esse enim quae ea nesciunt. Ipsa provident saepe recusandae ut quos.,,
25,Sit ut quas veniam suscipit laboriosam eos iure.,Quibusdam aut maxime ut cupiditate officia autem commodi. Dolore est aut sint a et iste. Qui nam inventore modi magni voluptatem quos officia omnis.,,
26,Ex ipsam sint sed adipisci tempore.,Libero veritatis dolores aspernatur aperiam incidunt minus magnam. Voluptate vero distinctio impedit ut nisi error.,,
27,Omnis dolorem et magni veritatis.,Dolore soluta nesciunt aut praesentium quae. Rerum illum explicabo amet molestiae officia vel natus. Eos incidunt voluptatem error deserunt. Quia velit laudantium in aliquid a blanditiis est.,,
28,Non aliquam est quidem id.,Aliquid fugiat quidem doloribus et. Suscipit eius quidem nam. Provident asperiores ducimus suscipit. Nulla rem unde occaecati commodi ducimus vel odio.,,
29,At beatae atque autem impedit.,Accusamus laudantium minus aspernatur explicabo vel modi eveniet. Eligendi asperiores accusantium est necessitatibus ut dignissimos et. Quidem voluptatem deserunt laborum eius est.,,
30,Itaque dolorem dicta consectetur molestiae dicta.,Dignissimos nemo nesciunt corrupti dolor pariatur. Consequatur placeat nulla aut quis hic molestias. Quidem sapiente aperiam dolores fugit maxime earum voluptatem.,,
31,Non aspernatur consectetur et pariatur.,Tempore voluptas cum odio eos optio. Sit quo omnis sequi ducimus molestiae et. Aperiam nobis quis eligendi quas nihil dignissimos deleniti.,,
32,Inventore neque assumenda labore velit assumenda ut reprehenderit.,Exercitationem est nisi quos nulla laborum blanditiis. Incidunt esse quam accusantium odit. Rerum quos molestiae earum dolore laboriosam in.,,
33,Perspiciatis labore iusto est nesciunt.,Eum suscipit nihil saepe distinctio quidem incidunt inventore. Pariatur quia neque harum deserunt incidunt quia.,,
34,Qui vero sit maiores commodi dolor voluptatibus possimus aperiam.,Reiciendis tempore aut blanditiis magnam. Commodi nam sit commodi et voluptas. Explicabo totam et distinctio deserunt non odit suscipit. Debitis dolor ratione quae iusto molestias repellat ratione.,,
35,Molestias labore consequatur delectus saepe eum culpa.,Optio aut ipsum quo quis iste magni. Maxime nulla qui illum est beatae voluptatem mollitia. Eum qui voluptatem dicta voluptatem. Officiis et aut dolores omnis repudiandae odit eveniet et.,,
36,Sit sunt quae sint eum quam.,Quibusdam aut reprehenderit vel inventore aut. Autem velit repellendus quaerat dolores harum ut accusantium. Blanditiis non qui saepe commodi. Reiciendis alias dolorum quia quos at doloribus. Quo et expedita alias consequuntur.,,
37,Culpa ut corporis dolores aperiam quibusdam consequatur exercitationem.,Fugit dicta praesentium nulla est at. Pariatur dolor non tempora voluptatem. Voluptas officiis voluptatum quis nobis voluptates iusto.,,
38,Doloremque dolorum consequuntur dignissimos eligendi magni nostrum.,Alias velit et consequatur. Sed dolorem quisquam quam odio ab suscipit accusantium.,,
39,Ut occaecati et maxime et dolores.,Sit veniam perspiciatis non. Commodi commodi harum debitis et fugit corporis. Architecto doloribus nisi dolorem exercitationem.,,
40,Sunt fuga non dolorum eaque rerum.,Nihil facilis deserunt ipsam nihil vel. Distinctio et vel earum consequatur et quaerat. Aut aut est praesentium illum et libero.,,
41,Veritatis et ut facilis accusamus possimus vel.,Adipisci perferendis eos nesciunt harum et eum. A dignissimos et accusantium quidem odio est. Qui quia enim provident.,,
42,Quasi dolor eligendi molestiae.,Ullam voluptas quae quia et explicabo itaque sit. Quo doloremque assumenda quibusdam quibusdam aut. Hic animi et porro quis distinctio voluptatem vitae iusto.,,
43,Tempore autem excepturi laudantium non ut ea vel.,Cupiditate incidunt maxime libero quaerat. Iure mollitia illum quidem vel expedita non. Explicabo et eligendi dicta consectetur autem. Qui voluptatem tenetur beatae consectetur sit.,,
44,Corrupti laborum accusantium dignissimos quia ducimus.,Quia voluptatem sint aut provident id quo unde. Adipisci velit architecto sunt omnis. Ea perferendis rerum quod qui. Accusantium consequatur ducimus rerum placeat. Non ut quaerat earum commodi eos.,,
45,Eum dolor quas in omnis.,In rerum odit quia recusandae aperiam. Corporis necessitatibus ut sint aperiam vero. Voluptatibus quam sint quo quod praesentium qui.,,
46,Labore in nesciunt aut excepturi ab.,Explicabo maiores dolorem totam vitae et sed corporis. Occaecati asperiores nulla quisquam in doloribus veritatis. Quo est officiis autem sit est. Exercitationem eius omnis minima repellat sit iusto rerum.,,
47,Repellat nobis rerum qui amet culpa fuga non.,Itaque soluta at ea dolorum saepe molestias molestiae. Est voluptas nemo nisi atque distinctio temporibus. Dolores consequatur quo saepe fuga dignissimos. Et quia porro quia optio rerum quas.,,
48,Cumque aut velit ullam praesentium.,Quo est officiis doloremque. Optio qui explicabo temporibus soluta. Id magnam debitis in cupiditate assumenda voluptate.,,
49,Voluptatibus voluptas quis doloribus.,Similique alias provident in soluta qui possimus qui dolorem. Est fugiat et magnam dolorem labore. In unde quo sed ut. Excepturi iusto esse nihil nam et.,,
50,Vero ullam molestiae earum voluptatum ad odit.,Repudiandae dolores id officiis fugit. Beatae perspiciatis est aut non aut.,,
