id,user_id,customer_no,image,name,about,rating,review,date
1,1,DM-000001,NULL,James Smith,"A highly accomplished writer with a PhD and 8+ Years of experience in academic writing. Boasts an impressive 100% success rate, demonstrating a commitment to delivering high-quality work.",5.0/5.5,1663,723
2,1,DM-000002,NULL,Emily Davies,"A highly accomplished writer with a PhD and 10+ Years of experience in academic writing. Boasts an impressive 100% success rate, demonstrating a commitment to delivering high-quality work.",5.0/5.5,1342,567
3,1,DM-000003,NULL,David Taylor,"A highly accomplished writer with a PhD and 10+ Years of experience in academic writing. Boasts an impressive 100% success rate, demonstrating a commitment to delivering high-quality work.",5.0/5.5,1528,645
4,1,DM-000004,NULL,Sarah Johnson,"A highly accomplished writer with a PhD and 8+ Years of experience in academic writing. Boasts an impressive 100% success rate, demonstrating a commitment to delivering high-quality work.",5.0/5.5,1757,792
5,1,DM-000005,NULL,Michael Brown,"A highly accomplished writer with a PhD and 6+ Years of experience in academic writing. Boasts an impressive 100% success rate, demonstrating a commitment to delivering high-quality work.",5.0/5.5,1820,598
6,1,DM-000006,NULL,Emma Jones,"A highly accomplished writer with a PhD and 6+ Years of experience in academic writing. Boasts an impressive 100% success rate, demonstrating a commitment to delivering high-quality work.",5.0/5.5,1476,771
7,1,DM-000007,NULL,Christopher Wilson,"A highly accomplished writer with a PhD and 6+ Years of experience in academic writing. Boasts an impressive 99% success rate, demonstrating a commitment to delivering high-quality work.",4.99/5,1959,612
8,1,DM-000008,NULL,Olivia Carter,"An experienced writer with a Masters degree and 8+ Years of experience in academic writing. Possesses a strong 100% success rate, reflecting a focus on providing top-notch writing services.",5.0/5.5,1234,736
9,1,DM-000009,NULL,Matthew Lee,"An experienced writer with a Masters degree and 6+ Years of experience in academic writing. Possesses a strong 100% success rate, reflecting a focus on providing top-notch writing services.",5.0/5.5,1680,589
10,1,DM-000010,NULL,Sophie Harris,"An experienced writer with a Masters degree and 6+ Years of experience in academic writing. Possesses a strong 100% success rate, reflecting a focus on providing top-notch writing services.",5.0/5.5,1172,754
11,1,DM-000011,NULL,Anthony Clark,"A highly accomplished writer with a PhD and 6+ Years of experience in academic writing. Boasts an impressive 100% success rate, demonstrating a commitment to delivering high-quality work.",5.0/5.5,1389,637
12,1,DM-000012,NULL,Charlotte Lewis,"An experienced writer with a Masters degree and 8+ Years of experience in academic writing. Possesses a strong 99% success rate, reflecting a focus on providing top-notch writing services.",4.99/5,1716,783
13,1,DM-000013,NULL,Mark Turner,"An experienced writer with a Masters degree and 7+ Years of experience in academic writing. Possesses a strong 99% success rate, reflecting a focus on providing top-notch writing services.",4.99/5,1550,572
14,1,DM-000014,NULL,Eleanor White,"An experienced writer with a Masters degree and 7+ Years of experience in academic writing. Possesses a strong 99% success rate, reflecting a focus on providing top-notch writing services.",4.99/5,1884,765
15,1,DM-000015,NULL,Steven Green,"A highly accomplished writer with a PhD and 8+ Years of experience in academic writing. Boasts an impressive 100% success rate, demonstrating a commitment to delivering high-quality work.",5.0/5.5,1927,628
16,1,DM-000016,NULL,Abigail Hill,"An experienced writer with a Masters degree and 10+ Years of experience in academic writing. Possesses a strong 100% success rate, reflecting a focus on providing top-notch writing services.",5.0/5.5,1617,741
17,1,DM-000017,NULL,Andrew Thompson,"An experienced writer with a Masters degree and 10+ Years of experience in academic writing. Possesses a strong 100% success rate, reflecting a focus on providing top-notch writing services.",5.0/5.5,1283,556
18,1,DM-000018,NULL,Grace Baker,"An experienced writer with a Masters degree and 8+ Years of experience in academic writing. Possesses a strong 100% success rate, reflecting a focus on providing top-notch writing services.",5.0/5.5,1441,714
19,1,DM-000019,NULL,Thomas Roberts,"A highly accomplished writer with a PhD and 10+ Years of experience in academic writing. Boasts an impressive 100% success rate, demonstrating a commitment to delivering high-quality work.",5.0/5.5,1775,603
20,1,DM-000020,NULL,Hannah Cox,"An experienced writer with a Masters degree and 8+ Years of experience in academic writing. Possesses a strong 100% success rate, reflecting a focus on providing top-notch writing services.",5.0/5.5,1310,777
21,1,DM-000021,NULL,James Williams,"An experienced writer with a Masters degree and 10+ Years of experience in academic writing. Possesses a strong 100% success rate, reflecting a focus on providing top-notch writing services.",5.0/5.5,1586,548
22,1,DM-000022,NULL,Jessica King,"An experienced writer with a Masters degree and 8+ Years of experience in academic writing. Possesses a strong 99% success rate, reflecting a focus on providing top-notch writing services.",4.99/5,1852,730
23,1,DM-000023,NULL,David Davies,"A highly accomplished writer with a PhD and 8+ Years of experience in academic writing. Boasts an impressive 99% success rate, demonstrating a commitment to delivering high-quality work.",4.99/5,1978,661
24,1,DM-000024,NULL,Sarah Moore,"An experienced writer with a Masters degree and 10+ Years of experience in academic writing. Possesses a strong 100% success rate, reflecting a focus on providing top-notch writing services.",5.0/5.5,1645,795
25,1,DM-000025,NULL,Michael Jones,"An experienced writer with a Masters degree and 10+ Years of experience in academic writing. Possesses a strong 100% success rate, reflecting a focus on providing top-notch writing services.",5.0/5.5,1261,532
26,1,DM-000026,NULL,Emma Taylor,"A highly accomplished writer with a PhD and 10+ Years of experience in academic writing. Boasts an impressive 100% success rate, demonstrating a commitment to delivering high-quality work.",5.0/5.5,1493,757
27,1,DM-000027,NULL,Christopher Smith,"An experienced writer with a Masters degree and 8+ Years of experience in academic writing. Possesses a strong 99% success rate, reflecting a focus on providing top-notch writing services.",4.99/5,1738,674
28,1,DM-000028,NULL,Olivia Brown,"An experienced writer with a Masters degree and 6+ Years of experience in academic writing. Possesses a strong 99% success rate, reflecting a focus on providing top-notch writing services.",4.99/5,1515,788
29,1,DM-000029,NULL,Matthew Wilson,"A highly accomplished writer with a PhD and 6+ Years of experience in academic writing. Boasts an impressive 98% success rate, demonstrating a commitment to delivering high-quality work.",4.98/5,1871,519
30,1,DM-000030,NULL,Sophie Carter,"An experienced writer with a Masters degree and 6+ Years of experience in academic writing. Possesses a strong 100% success rate, reflecting a focus on providing top-notch writing services.",5.0/5.5,1913,743
31,1,DM-000031,NULL,Anthony Harris,"An experienced writer with a Masters degree and 8+ Years of experience in academic writing. Possesses a strong 99% success rate, reflecting a focus on providing top-notch writing services.",4.99/5,1632,656
32,1,DM-000032,NULL,Charlotte Lee,"A highly accomplished writer with a PhD and 8+ Years of experience in academic writing. Boasts an impressive 98% success rate, demonstrating a commitment to delivering high-quality work.",4.98/5,1249,770
33,1,DM-000033,NULL,Mark Johnson,"A skilled writer with an MBA and 8+ Years of experience in academic writing. Maintains a commendable 100% success rate, showcasing a dedication to producing excellent content.",5.0/5.5,1470,501
34,1,DM-000034,NULL,Eleanor Davies,"A highly accomplished writer with a PhD and 10+ Years of experience in academic writing. Boasts an impressive 100% success rate, demonstrating a commitment to delivering high-quality work.	",5.0/5.5,1794,725
35,1,DM-000035,NULL,Steven Hill,"A skilled writer with an MBA and 10+ Years of experience in academic writing. Maintains a commendable 100% success rate, showcasing a dedication to producing excellent content.",5.0/5.5,1367,638
36,1,DM-000036,NULL,Abigail Green,"A highly accomplished writer with a PhD and 10+ Years of experience in academic writing. Boasts an impressive 99% success rate, demonstrating a commitment to delivering high-quality work.	",4.99/5,1539,762
37,1,DM-000037,NULL,Andrew Baker,"A highly accomplished writer with a PhD and 7+ Years of experience in academic writing. Boasts an impressive 98% success rate, demonstrating a commitment to delivering high-quality work.	",4.98/5,1808,587
38,1,DM-000038,NULL,Grace Cox,"A highly accomplished writer with a PhD and 7+ Years of experience in academic writing. Boasts an impressive 100% success rate, demonstrating a commitment to delivering high-quality work.	",5.0/5.5,1936,716
39,1,DM-000039,NULL,Thomas Roberts,"A highly accomplished writer with a PhD and 7+ Years of experience in academic writing. Boasts an impressive 100% success rate, demonstrating a commitment to delivering high-quality work.	",5.0/5.5,1654,629
